"actor_name","character_name","num_appearances","first_appearance_ms","last_appearance_ms","total_screen_time_ms","season","episode","total_screen_time_sec","total_screen_time_min","first_appearance_min","last_appearance_min","percent_of_episode"
"Travis Willingham","Grog",6,9000,1324000,1207000,2,6,1207,20.1166666666667,0.15,22.0666666666667,75.6739811912226
"Sam Riegel","Scanlan",5,178000,1251000,1187000,2,6,1187,19.7833333333333,2.96666666666667,20.85,74.4200626959248
"Laura Bailey","Vex'ahlia",5,172000,1318000,1178000,2,6,1178,19.6333333333333,2.86666666666667,21.9666666666667,73.8557993730408
"Liam O'Brien","Vax'ildan",5,174000,1309000,1172000,2,6,1172,19.5333333333333,2.9,21.8166666666667,73.4796238244514
"Ashley Johnson","Pike",6,51000,1309000,1158000,2,6,1158,19.3,0.85,21.8166666666667,72.6018808777429
"Marisha Ray","Keyleth",5,177000,1309000,1157000,2,6,1157,19.2833333333333,2.95,21.8166666666667,72.539184952978
"Taliesin Jaffe","Percival",5,275000,1339000,993000,2,6,993,16.55,4.58333333333333,22.3166666666667,62.257053291536
"Tony Plana","Kamaljori",4,519000,1257000,938000,2,6,938,15.6333333333333,8.65,20.95,58.8087774294671
"Matthew Mercer","Umbrasyl",2,1133000,1247000,341000,2,6,341,5.68333333333333,18.8833333333333,20.7833333333333,21.3793103448276
