"actor_name","character_name","num_appearances","first_appearance_ms","last_appearance_ms","total_screen_time_ms","season","episode","total_screen_time_sec","total_screen_time_min","first_appearance_min","last_appearance_min","percent_of_episode"
"Ashley Johnson","Pike",6,4000,1460000,1347000,3,4,1347,22.45,0.0666666666666667,24.3333333333333,83.0968537939544
"Travis Willingham","Grog",6,81000,1460000,982000,3,4,982,16.3666666666667,1.35,24.3333333333333,60.5798889574337
"Sam Riegel","Scanlan",6,82000,1460000,978000,3,4,978,16.3,1.36666666666667,24.3333333333333,60.3331276989513
"Marisha Ray","Keyleth",6,82000,1460000,972000,3,4,972,16.2,1.36666666666667,24.3333333333333,59.9629858112276
"Liam O'Brien","Vax'ildan",6,82000,1460000,967000,3,4,967,16.1166666666667,1.36666666666667,24.3333333333333,59.6545342381246
"Luis Carazo","Zerxus Ilerez",2,646000,1069000,807000,3,4,807,13.45,10.7666666666667,17.8166666666667,49.7840838988279
"Indira Varma","Lady Allura Vysoren",1,422000,422000,207000,3,4,207,3.45,7.03333333333333,7.03333333333333,12.7698951264651
"Laura Bailey","Vex'ahlia",1,422000,422000,207000,3,4,207,3.45,7.03333333333333,7.03333333333333,12.7698951264651
"Taliesin Jaffe","Percival",1,422000,422000,207000,3,4,207,3.45,7.03333333333333,7.03333333333333,12.7698951264651
